{
  "generated_utc": "2025-09-10 14:26:15 UTC",
  "angles_row_checks": [
    {
      "file": "angles_49_007.csv",
      "sum_total": 137,
      "sum_cos": 1.0,
      "sum_cos_err": 0.0,
      "sum_total_ok": true,
      "sum_cos_ok": true
    },
    {
      "file": "angles_49_236.csv",
      "sum_total": 137,
      "sum_cos": 1.0,
      "sum_cos_err": 0.0,
      "sum_total_ok": true,
      "sum_cos_ok": true
    },
    {
      "file": "angles_50_017.csv",
      "sum_total": 137,
      "sum_cos": 1.0,
      "sum_cos_err": 0.0,
      "sum_total_ok": true,
      "sum_cos_ok": true
    },
    {
      "file": "angles_50_055.csv",
      "sum_total": 137,
      "sum_cos": 1.0,
      "sum_cos_err": 0.0,
      "sum_total_ok": true,
      "sum_cos_ok": true
    },
    {
      "file": "angles_50_345.csv",
      "sum_total": 137,
      "sum_cos": 1.0,
      "sum_cos_err": 0.0,
      "sum_total_ok": true,
      "sum_cos_ok": true
    }
  ],
  "denominator": {
    "sum_NB_cos2": 6210.0,
    "raw": 6209.999999999871
  },
  "from_artifacts": {
    "total_contrib": 9.506706170899134,
    "c_pauli": 0.0015308705589209557,
    "alpha_inv": 137.00001117423767
  },
  "per_table_contrib": {
    "49_007": 1.9013412341798268,
    "49_236": 1.9013412341798268,
    "50_017": 1.9013412341798268,
    "50_055": 1.9013412341798268,
    "50_345": 1.9013412341798268
  },
  "alpha_prediction_txt": {
    "reported_c_pauli": 0.001530870559,
    "reported_alpha_inv": 137.000011174238
  },
  "tilewise_bounds": {
    "c_continuum": [
      -0.06454101683190236,
      0.06608980005746536
    ],
    "c_lattice": [
      -0.15924857594373146,
      0.16307004537856895
    ],
    "alpha_continuum": [
      136.99952889768736,
      137.0004824072997
    ],
    "alpha_lattice": [
      136.99883760163544,
      137.00119029230203
    ],
    "c_cont_heuristic": [
      -0.01024914906400506,
      0.013307619563985795
    ],
    "c_lattice_heuristic": [
      -0.025288761677381304,
      0.03283523515418426
    ],
    "alpha_cont_heuristic": [
      136.99992518869297,
      137.00009713590921
    ],
    "alpha_lattice_heuristic": [
      136.9998154104987,
      137.0002396732493
    ]
  },
  "hashes": [
    {
      "sha256": "a3a13fce87606a46b8e4f36eb5ed886f189e8224214528ff2ea056e6554e734c",
      "bytes": 604,
      "file": "alpha_prediction.txt"
    },
    {
      "sha256": "14d392f95d51de8ad0aa703659d4c50af8c88fde0493200b69af9b0e7035edc8",
      "bytes": 646,
      "file": "angles_49_007.csv"
    },
    {
      "sha256": "6664741d05334b03945f970fc46d80b122d4e379d661f4bc298a35057a3eaa95",
      "bytes": 3013,
      "file": "angles_49_236.csv"
    },
    {
      "sha256": "b113fb7988123984c80bd7f1addad3cb59be4ae437ea5c7ae7021132ed8965fe",
      "bytes": 2286,
      "file": "angles_50_017.csv"
    },
    {
      "sha256": "c50e2296d0b9853f475494e4dd59a1c6f119a5b853923bac7209cbaa0a4296fd",
      "bytes": 1040,
      "file": "angles_50_055.csv"
    },
    {
      "sha256": "86778f54210242c72d5435930a759625aeda0cf80ddb0e91a53b03ec950fb7cd",
      "bytes": 3276,
      "file": "angles_50_345.csv"
    },
    {
      "sha256": "fa4dedb29cc2effd36298840130d12138116971d56d7b3ed35297f05cbc0be06",
      "bytes": 53,
      "file": "denominator.json"
    },
    {
      "sha256": "e42b427de4c4590a7c6b28241a230bb34c84b7c72acc587debaab1624740fb98",
      "bytes": 68663,
      "file": "pauli_integrals.json"
    },
    {
      "sha256": "c411e5120132bc05f770e61daf9d1a60c654e285f522cd02e1a4b000b9ca0f4e",
      "bytes": 84439,
      "file": "pauli_tilewise_bounds.json"
    }
  ]
}