{
  "unified_ledger_score": 84.18804817624071,
  "score_definition": "s_i = clamp(-log10(|err_i|)/80.0, 0, 1); overall = 100*mean(s_i)",
  "n_csv_scanned": 48,
  "read_failures": 0,
  "files_with_errors_detected": 41,
  "total_error_values": 4254,
  "per_module": [
    {
      "module": "M10",
      "files": 3,
      "rows": 12,
      "err_cols": 4,
      "err_vals": 16,
      "score_avg": 100.0,
      "score_med": 100.0,
      "score_min": 100.0,
      "score_max": 100.0
    },
    {
      "module": "M11",
      "files": 3,
      "rows": 352,
      "err_cols": 2,
      "err_vals": 10,
      "score_avg": 100.0,
      "score_med": 100.0,
      "score_min": 100.0,
      "score_max": 100.0
    },
    {
      "module": "M12",
      "files": 2,
      "rows": 342,
      "err_cols": 2,
      "err_vals": 342,
      "score_avg": 100.0,
      "score_med": 100.0,
      "score_min": 100.0,
      "score_max": 100.0
    },
    {
      "module": "M13",
      "files": 4,
      "rows": 697,
      "err_cols": 4,
      "err_vals": 697,
      "score_avg": 100.0,
      "score_med": 100.0,
      "score_min": 100.0,
      "score_max": 100.0
    },
    {
      "module": "M14",
      "files": 4,
      "rows": 693,
      "err_cols": 4,
      "err_vals": 693,
      "score_avg": 100.0,
      "score_med": 100.0,
      "score_min": 100.0,
      "score_max": 100.0
    },
    {
      "module": "M19",
      "files": 3,
      "rows": 186,
      "err_cols": 9,
      "err_vals": 516,
      "score_avg": 38.372093023255815,
      "score_med": 38.372093023255815,
      "score_min": 38.372093023255815,
      "score_max": 38.372093023255815
    },
    {
      "module": "M20",
      "files": 2,
      "rows": 39,
      "err_cols": 3,
      "err_vals": 42,
      "score_avg": 100.0,
      "score_med": 100.0,
      "score_min": 100.0,
      "score_max": 100.0
    },
    {
      "module": "M21",
      "files": 2,
      "rows": 51,
      "err_cols": 3,
      "err_vals": 54,
      "score_avg": 100.0,
      "score_med": 100.0,
      "score_min": 100.0,
      "score_max": 100.0
    },
    {
      "module": "M22",
      "files": 3,
      "rows": 15,
      "err_cols": 2,
      "err_vals": 8,
      "score_avg": 100.0,
      "score_med": 100.0,
      "score_min": 100.0,
      "score_max": 100.0
    },
    {
      "module": "M25",
      "files": 1,
      "rows": 27,
      "err_cols": 2,
      "err_vals": 54,
      "score_avg": 82.00039203983906,
      "score_med": 82.00039203983906,
      "score_min": 82.00039203983906,
      "score_max": 82.00039203983906
    },
    {
      "module": "M26",
      "files": 1,
      "rows": 294,
      "err_cols": 2,
      "err_vals": 588,
      "score_avg": 87.81386741775204,
      "score_med": 87.81386741775204,
      "score_min": 87.81386741775204,
      "score_max": 87.81386741775204
    },
    {
      "module": "UNKNOWN",
      "files": 20,
      "rows": 668,
      "err_cols": 51,
      "err_vals": 1234,
      "score_avg": 65.24220480444721,
      "score_med": 66.213863033773,
      "score_min": 4.22769687240767,
      "score_max": 100.0
    }
  ],
  "notes": [
    "Zero/underflow values are floored at 1e-300 before log10.",
    "Adjust ERR_COL_REGEX/NON_ERR_HINT to widen/narrow detection.",
    "LEDGER_L sets the 'full-credit' order-of-magnitude target."
  ]
}