module,file,column,abs_error,kind
UNKNOWN,BH_Area_bestfit_free.csv,abs_error,0.0,smallest
UNKNOWN,BH_Area_bestfit_free.csv,abs_error,0.0,smallest
UNKNOWN,BH_Area_bestfit_free.csv,rel_error,0.0,smallest
UNKNOWN,BH_Area_bestfit_free.csv,rel_error,0.0,smallest
UNKNOWN,BH_M2_bestfit_free.csv,abs_error,0.0,smallest
UNKNOWN,BH_M2_bestfit_free.csv,abs_error,0.0,smallest
UNKNOWN,BH_M2_bestfit_free.csv,abs_error,0.0,smallest
UNKNOWN,BH_M2_bestfit_free.csv,abs_error,0.0,smallest
UNKNOWN,BH_M2_bestfit_free.csv,abs_error,0.0,smallest
UNKNOWN,BH_M2_bestfit_free.csv,rel_error,0.0,smallest
UNKNOWN,BH_M2_bestfit_free.csv,rel_error,0.0,smallest
UNKNOWN,BH_M2_bestfit_free.csv,rel_error,0.0,smallest
UNKNOWN,BH_M2_bestfit_free.csv,rel_error,0.0,smallest
UNKNOWN,BH_M2_bestfit_free.csv,rel_error,0.0,smallest
UNKNOWN,BH_M2_bestfit_free.csv,"residues(23,49,50,137)",0.0,smallest
UNKNOWN,KN_Area_constrained_vs_free.csv,abs_error,0.0,smallest
UNKNOWN,KN_Area_constrained_vs_free.csv,abs_error,0.0,smallest
UNKNOWN,KN_Area_constrained_vs_free.csv,abs_error,0.0,smallest
UNKNOWN,KN_Area_constrained_vs_free.csv,abs_error,0.0,smallest
UNKNOWN,KN_Area_constrained_vs_free.csv,abs_error,0.0,smallest
UNKNOWN,KN_Area_constrained_vs_free.csv,abs_error,0.0,smallest
UNKNOWN,KN_Area_constrained_vs_free.csv,rel_error,0.0,smallest
UNKNOWN,KN_Area_constrained_vs_free.csv,rel_error,0.0,smallest
UNKNOWN,KN_Area_constrained_vs_free.csv,rel_error,0.0,smallest
UNKNOWN,KN_Area_constrained_vs_free.csv,rel_error,0.0,smallest
UNKNOWN,KN_Area_constrained_vs_free.csv,rel_error,0.0,smallest
UNKNOWN,KN_Area_constrained_vs_free.csv,rel_error,0.0,smallest
UNKNOWN,KN_Smarr_checks.csv,abs_error[J],0.0,smallest
UNKNOWN,KN_Smarr_checks.csv,abs_error[J],0.0,smallest
UNKNOWN,KN_Smarr_checks.csv,abs_error[J],0.0,smallest
UNKNOWN,KN_Smarr_checks.csv,abs_error[J],0.0,smallest
UNKNOWN,KN_Smarr_checks.csv,abs_error[J],0.0,smallest
UNKNOWN,KN_Smarr_checks.csv,abs_error[J],0.0,smallest
UNKNOWN,KN_Smarr_checks.csv,rel_error,0.0,smallest
UNKNOWN,KN_Smarr_checks.csv,rel_error,0.0,smallest
UNKNOWN,KN_Smarr_checks.csv,rel_error,0.0,smallest
UNKNOWN,KN_Smarr_checks.csv,rel_error,0.0,smallest
UNKNOWN,KN_Smarr_checks.csv,rel_error,0.0,smallest
UNKNOWN,KN_Smarr_checks.csv,rel_error,0.0,smallest
UNKNOWN,KN_area_lattice_sweep.csv,"free_residues(23,49,50,137)",0.0,smallest
UNKNOWN,KN_extremality_smarr_edge_scan.csv,Smarr_abs,0.0,smallest
UNKNOWN,KN_extremality_smarr_edge_scan.csv,Smarr_abs,0.0,smallest
UNKNOWN,KN_extremality_smarr_edge_scan.csv,Smarr_abs,0.0,smallest
UNKNOWN,KN_extremality_smarr_edge_scan.csv,Smarr_abs,0.0,smallest
UNKNOWN,KN_extremality_smarr_edge_scan.csv,Smarr_abs,0.0,smallest
UNKNOWN,KN_extremality_smarr_edge_scan.csv,Smarr_abs,0.0,smallest
UNKNOWN,KN_extremality_smarr_edge_scan.csv,Smarr_abs,0.0,smallest
UNKNOWN,KN_extremality_smarr_edge_scan.csv,Smarr_abs,0.0,smallest
UNKNOWN,KN_extremality_smarr_edge_scan.csv,Smarr_abs,0.0,smallest
UNKNOWN,KN_extremality_smarr_edge_scan.csv,Smarr_abs,0.0,smallest
UNKNOWN,BH_Area_bestfit_free.csv,"residues(23,49,50,137)",22.0,largest
UNKNOWN,KN_Area_constrained_vs_free.csv,"residues(23,49,50,137)",22.0,largest
UNKNOWN,KN_Area_constrained_vs_free.csv,"residues(23,49,50,137)",22.0,largest
UNKNOWN,KN_area_lattice_sweep.csv,"constr_residues(23,49,50,137)",22.0,largest
UNKNOWN,KN_area_lattice_sweep.csv,"free_residues(23,49,50,137)",22.0,largest
UNKNOWN,KN_area_lattice_sweep.csv,"free_residues(23,49,50,137)",22.0,largest
UNKNOWN,Kerr_Area_constrained_vs_free.csv,"residues(23,49,50,137)",22.0,largest
UNKNOWN,Kerr_Area_constrained_vs_free.csv,"residues(23,49,50,137)",22.0,largest
UNKNOWN,BH_Area_bestfit_free.csv,"residues(23,49,50,137)",21.0,largest
UNKNOWN,BH_Area_constrained_p_abit.csv,"residues(23,49,50,137)",21.0,largest
UNKNOWN,BH_N_to_k_constrained_p_tick.csv,"residues(23,49,50,137)",21.0,largest
UNKNOWN,KN_Area_constrained_vs_free.csv,"residues(23,49,50,137)",21.0,largest
UNKNOWN,KN_area_lattice_sweep.csv,"constr_residues(23,49,50,137)",21.0,largest
UNKNOWN,KN_area_lattice_sweep.csv,"constr_residues(23,49,50,137)",21.0,largest
UNKNOWN,Kerr_Area_constrained_vs_free.csv,"residues(23,49,50,137)",21.0,largest
UNKNOWN,Kerr_Area_constrained_vs_free.csv,"residues(23,49,50,137)",21.0,largest
UNKNOWN,Kerr_Area_constrained_vs_free.csv,"residues(23,49,50,137)",21.0,largest
UNKNOWN,BH_M2_bestfit_free.csv,"residues(23,49,50,137)",20.0,largest
UNKNOWN,Kerr_Area_constrained_vs_free.csv,"residues(23,49,50,137)",20.0,largest
UNKNOWN,KN_Area_constrained_vs_free.csv,"residues(23,49,50,137)",19.0,largest
UNKNOWN,KN_Area_constrained_vs_free.csv,"residues(23,49,50,137)",19.0,largest
UNKNOWN,KN_area_lattice_sweep.csv,"constr_residues(23,49,50,137)",19.0,largest
UNKNOWN,Kerr_Area_constrained_vs_free.csv,"residues(23,49,50,137)",19.0,largest
UNKNOWN,BH_Area_bestfit_free.csv,"residues(23,49,50,137)",18.0,largest
UNKNOWN,BH_M2_bestfit_free.csv,"residues(23,49,50,137)",18.0,largest
UNKNOWN,Kerr_Area_constrained_vs_free.csv,"residues(23,49,50,137)",18.0,largest
UNKNOWN,KN_Area_constrained_vs_free.csv,"residues(23,49,50,137)",17.0,largest
UNKNOWN,KN_Area_constrained_vs_free.csv,"residues(23,49,50,137)",17.0,largest
UNKNOWN,KN_Area_constrained_vs_free.csv,"residues(23,49,50,137)",17.0,largest
UNKNOWN,KN_Area_constrained_vs_free.csv,"residues(23,49,50,137)",17.0,largest
UNKNOWN,KN_Area_constrained_vs_free.csv,"residues(23,49,50,137)",17.0,largest
UNKNOWN,Kerr_Area_constrained_vs_free.csv,"residues(23,49,50,137)",17.0,largest
UNKNOWN,BH_Area_constrained_p_abit.csv,"residues(23,49,50,137)",16.0,largest
UNKNOWN,KN_Area_constrained_vs_free.csv,"residues(23,49,50,137)",16.0,largest
UNKNOWN,KN_Area_constrained_vs_free.csv,"residues(23,49,50,137)",16.0,largest
UNKNOWN,KN_Area_constrained_vs_free.csv,"residues(23,49,50,137)",16.0,largest
UNKNOWN,KN_Area_constrained_vs_free.csv,"residues(23,49,50,137)",16.0,largest
UNKNOWN,KN_area_lattice_sweep.csv,"constr_residues(23,49,50,137)",16.0,largest
UNKNOWN,KN_area_lattice_sweep.csv,"constr_residues(23,49,50,137)",16.0,largest
UNKNOWN,KN_area_lattice_sweep.csv,"free_residues(23,49,50,137)",16.0,largest
UNKNOWN,KN_area_lattice_sweep.csv,"free_residues(23,49,50,137)",16.0,largest
UNKNOWN,Kerr_Area_constrained_vs_free.csv,"residues(23,49,50,137)",16.0,largest
UNKNOWN,Kerr_Area_constrained_vs_free.csv,"residues(23,49,50,137)",16.0,largest
UNKNOWN,Kerr_Area_constrained_vs_free.csv,"residues(23,49,50,137)",16.0,largest
UNKNOWN,BH_M2_bestfit_free.csv,"residues(23,49,50,137)",15.0,largest
UNKNOWN,KN_Area_constrained_vs_free.csv,"residues(23,49,50,137)",15.0,largest
UNKNOWN,KN_Area_constrained_vs_free.csv,"residues(23,49,50,137)",15.0,largest
UNKNOWN,KN_area_lattice_sweep.csv,"constr_residues(23,49,50,137)",15.0,largest
UNKNOWN,KN_area_lattice_sweep.csv,"constr_residues(23,49,50,137)",15.0,largest
UNKNOWN,BH_Area_bestfit_free.csv,"residues(23,49,50,137)",14.0,largest
