module,file,n_rows,n_err_cols,n_err_vals,log10_min,log10_med,log10_max,file_score,note
M10,M10_Christodoulou_identity_checks.csv,4,2,8,-300.0,-300.0,-201.08803710353945,100.0,
M10,M10_Mir2_lattice_constrained_vs_free.csv,4,2,8,-142.56512431061446,-142.19077892373753,-142.14182242768632,100.0,
M10,M10_energy_partition_summary.csv,4,0,0,,,,,NO_ERR_COLS_DETECTED
M11,M11_extractable_grid.csv,337,0,0,,,,,NO_ERR_COLS_DETECTED
M11,M11_lattice_checks.csv,5,2,10,-300.0,-300.0,-80.9100858476453,100.0,
M11,M11_top10_extractable.csv,10,0,0,,,,,NO_ERR_COLS_DETECTED
M12,M12_reversible_discharge_Jfixed.csv,201,1,201,-300.0,-81.21985675509386,-80.62726885354503,100.0,
M12,M12_reversible_spin_Qfixed.csv,141,1,141,-300.0,-81.33121262723266,-80.65418122087381,100.0,
M13,M13_pathA_discharge_then_spin_part1.csv,201,1,201,-300.0,-81.21985675509386,-80.62726885354503,100.0,
M13,M13_pathA_discharge_then_spin_part2.csv,154,1,154,-300.0,-81.33372686780638,-80.69778118847542,100.0,
M13,M13_pathB_spin_then_discharge_part1.csv,141,1,141,-300.0,-81.33121262723266,-80.65418122087381,100.0,
M13,M13_pathB_spin_then_discharge_part2.csv,201,1,201,-83.22379692235302,-81.33234989169712,-80.55052658393939,100.0,
M14,M14_pathA_irreversible_part1_Jfixed_discharge.csv,201,1,201,-300.0,-81.2138517781647,-80.517384479052,100.0,
M14,M14_pathA_irreversible_part2_Qfixed_spin.csv,150,1,150,-300.0,-81.33078999645178,-80.68956148391547,100.0,
M14,M14_pathB_irreversible_part1_Qfixed_spin.csv,141,1,141,-300.0,-81.28153821688845,-80.59488694116155,100.0,
M14,M14_pathB_irreversible_part2_Jfixed_discharge.csv,201,1,201,-300.0,-81.31886134017293,-80.6505316353617,100.0,
M19,M19_v2_ensemble_stability_grid.csv,100,3,258,-300.0,0.0,0.0,38.372093023255815,
M19,M19_v2_fail_states.csv,0,3,0,,,,,ERR_COLS_PRESENT_BUT_NO_NUMERIC_VALUES
M19,M19_v2_ok_states_detailed.csv,86,3,258,-300.0,0.0,0.0,38.372093023255815,
M20,M20_extremal_scaling_fits.csv,3,2,6,-300.0,-300.0,-120.71302826125645,100.0,
M20,M20_extremal_scaling_scan.csv,36,1,36,-300.0,-300.0,-120.71302826125645,100.0,
M21,M21_susceptibility_scaling_fits.csv,3,2,6,-300.0,-300.0,-120.71302826125645,100.0,
M21,M21_susceptibility_scaling_scan.csv,48,1,48,-300.0,-300.0,-120.71302826125645,100.0,
M22,M22_v3_firstlaw_pathA.csv,4,1,4,-300.0,-210.35651413062823,-120.71302826125645,100.0,
M22,M22_v3_firstlaw_pathB.csv,4,1,4,-300.0,-210.35651413062823,-120.71302826125645,100.0,
M22,M22_v3_hessian_checks.csv,7,0,0,,,,,NO_ERR_COLS_DETECTED
M25,M25_ruppeiner_curvature_scan.csv,27,2,54,-300.0,-85.28067286954219,-40.78906445624611,82.00039203983906,
M26,M26_response_sign_map.csv,294,2,588,-300.0,-91.83200462768392,-0.7863497709338435,87.81386741775204,
UNKNOWN,BH_Area_bestfit_free.csv,5,3,15,-300.0,-87.88394065407772,1.3424226808222062,65.64536642023512,
UNKNOWN,BH_Area_constrained_p_abit.csv,5,3,15,-71.30617025867755,-18.123158951728577,1.3222192947339193,40.97995986803819,
UNKNOWN,BH_Entropy_equals_N_checks.csv,5,0,0,,,,,NO_ERR_COLS_DETECTED
UNKNOWN,BH_M2_bestfit_free.csv,5,3,15,-300.0,-300.0,1.3010299956639813,73.33333333333333,
UNKNOWN,BH_N_to_k_constrained_p_tick.csv,5,3,15,-90.80282536416381,-16.939456570434366,1.3222192947339193,22.701608655618404,
UNKNOWN,BH_Smarr_bits_ratio_checks.csv,4,0,0,,,,,NO_ERR_COLS_DETECTED
UNKNOWN,KN_Area_constrained_vs_free.csv,36,3,108,-300.0,-66.5783842272685,1.3424226808222062,53.30037319750205,
UNKNOWN,KN_Smarr_checks.csv,18,2,36,-300.0,-119.25467140151984,-71.69897000433602,98.8784364584839,
UNKNOWN,KN_area_lattice_sweep.csv,15,6,90,-300.0,-69.61707380965521,1.3424226808222062,54.43860733222849,
UNKNOWN,KN_extremality_smarr_edge_scan.csv,36,2,72,-300.0,-300.0,-119.52287874528034,100.0,
UNKNOWN,KN_extremality_smarr_scan.csv,432,2,590,-300.0,-234.0,-195.69897000433602,100.0,
UNKNOWN,KN_firstlaw_edge_path.csv,27,3,81,-7.141259707585741,-3.120586572505643,-0.9472718564430674,4.22769687240767,
UNKNOWN,KN_firstlaw_path_checks.csv,9,4,36,-49.634974019164474,-22.356907655245923,-2.8307165624718738,28.90584767372711,
UNKNOWN,Kerr_Area_constrained_vs_free.csv,24,3,72,-300.0,-69.71744999411311,1.3424226808222062,54.79211293038141,
UNKNOWN,Kerr_Smarr_checks.csv,12,2,24,-300.0,-118.49705496054781,-72.30102999566398,98.82014518157419,
UNKNOWN,PFTC_BH_MassLadderTick_encoding.csv,1,3,3,-300.0,-300.0,1.1139433523068367,66.66666666666666,
UNKNOWN,PFTC_Planck_Encoding_results.csv,4,3,12,-300.0,-220.22313251019307,1.0,65.76105940087933,
UNKNOWN,residue_matrix_A.csv,10,2,20,-300.0,-72.18834445239598,-2.146313995289953,79.96899471620497,
UNKNOWN,residue_matrix_M2.csv,10,2,20,-300.0,-195.4014126820819,-2.146313995289953,67.02620649171381,
UNKNOWN,residue_matrix_core.csv,5,2,10,-300.0,-300.0,-71.30617024844155,98.91327128105519,
