module,file,src,tag,column,context,value,quality_q,kind,rank
M27,M27_meta_audit_top_worst.csv,csv,abs_error,abs_error,abs_error,22.0,-1.3424226808222062,column,worst
M27,M27_meta_audit_top_worst.csv,csv,abs_error,abs_error,abs_error,22.0,-1.3424226808222062,column,worst
M27,M27_meta_audit_top_worst.csv,csv,abs_error,abs_error,abs_error,22.0,-1.3424226808222062,column,worst
M27,M27_meta_audit_top_worst.csv,csv,abs_error,abs_error,abs_error,22.0,-1.3424226808222062,column,worst
M27,M27_meta_audit_top_worst.csv,csv,abs_error,abs_error,abs_error,22.0,-1.3424226808222062,column,worst
M27,M27_meta_audit_top_worst.csv,csv,abs_error,abs_error,abs_error,22.0,-1.3424226808222062,column,worst
M27,M27_meta_audit_top_worst.csv,csv,abs_error,abs_error,abs_error,22.0,-1.3424226808222062,column,worst
M27,M27_meta_audit_top_worst.csv,csv,abs_error,abs_error,abs_error,22.0,-1.3424226808222062,column,worst
M27,M27_meta_audit_top_worst.csv,csv,abs_error,abs_error,abs_error,21.0,-1.3222192947339193,column,worst
M27,M27_meta_audit_top_worst.csv,csv,abs_error,abs_error,abs_error,21.0,-1.3222192947339193,column,worst
M27,M27_meta_audit_top_worst.csv,csv,abs_error,abs_error,abs_error,21.0,-1.3222192947339193,column,worst
M27,M27_meta_audit_top_worst.csv,csv,abs_error,abs_error,abs_error,21.0,-1.3222192947339193,column,worst
M27,M27_meta_audit_top_worst.csv,csv,abs_error,abs_error,abs_error,21.0,-1.3222192947339193,column,worst
M27,M27_meta_audit_top_worst.csv,csv,abs_error,abs_error,abs_error,21.0,-1.3222192947339193,column,worst
M27,M27_meta_audit_top_worst.csv,csv,abs_error,abs_error,abs_error,21.0,-1.3222192947339193,column,worst
M27,M27_meta_audit_top_worst.csv,csv,abs_error,abs_error,abs_error,21.0,-1.3222192947339193,column,worst
M27,M27_meta_audit_top_worst.csv,csv,abs_error,abs_error,abs_error,21.0,-1.3222192947339193,column,worst
M27,M27_meta_audit_top_worst.csv,csv,abs_error,abs_error,abs_error,20.0,-1.3010299956639813,column,worst
M27,M27_meta_audit_top_worst.csv,csv,abs_error,abs_error,abs_error,20.0,-1.3010299956639813,column,worst
M27,M27_meta_audit_top_worst.csv,csv,abs_error,abs_error,abs_error,19.0,-1.2787536009528289,column,worst
M27,M27_meta_audit_top_worst.csv,csv,abs_error,abs_error,abs_error,19.0,-1.2787536009528289,column,worst
M27,M27_meta_audit_top_worst.csv,csv,abs_error,abs_error,abs_error,19.0,-1.2787536009528289,column,worst
M27,M27_meta_audit_top_worst.csv,csv,abs_error,abs_error,abs_error,19.0,-1.2787536009528289,column,worst
M27,M27_meta_audit_top_worst.csv,csv,abs_error,abs_error,abs_error,18.0,-1.255272505103306,column,worst
M27,M27_meta_audit_top_worst.csv,csv,abs_error,abs_error,abs_error,18.0,-1.255272505103306,column,worst
M27,M27_meta_audit_top_worst.csv,csv,abs_error,abs_error,abs_error,18.0,-1.255272505103306,column,worst
M27,M27_meta_audit_top_worst.csv,csv,abs_error,abs_error,abs_error,17.0,-1.2304489213782739,column,worst
M27,M27_meta_audit_top_worst.csv,csv,abs_error,abs_error,abs_error,17.0,-1.2304489213782739,column,worst
M27,M27_meta_audit_top_worst.csv,csv,abs_error,abs_error,abs_error,17.0,-1.2304489213782739,column,worst
M27,M27_meta_audit_top_worst.csv,csv,abs_error,abs_error,abs_error,17.0,-1.2304489213782739,column,worst
M27,M27_meta_audit_top_worst.csv,csv,abs_error,abs_error,abs_error,17.0,-1.2304489213782739,column,worst
M27,M27_meta_audit_top_worst.csv,csv,abs_error,abs_error,abs_error,17.0,-1.2304489213782739,column,worst
M27,M27_meta_audit_top_worst.csv,csv,abs_error,abs_error,abs_error,16.0,-1.2041199826559248,column,worst
M27,M27_meta_audit_top_worst.csv,csv,abs_error,abs_error,abs_error,16.0,-1.2041199826559248,column,worst
M27,M27_meta_audit_top_worst.csv,csv,abs_error,abs_error,abs_error,16.0,-1.2041199826559248,column,worst
M27,M27_meta_audit_top_worst.csv,csv,abs_error,abs_error,abs_error,16.0,-1.2041199826559248,column,worst
M27,M27_meta_audit_top_worst.csv,csv,abs_error,abs_error,abs_error,16.0,-1.2041199826559248,column,worst
M27,M27_meta_audit_top_worst.csv,csv,abs_error,abs_error,abs_error,16.0,-1.2041199826559248,column,worst
M27,M27_meta_audit_top_worst.csv,csv,abs_error,abs_error,abs_error,16.0,-1.2041199826559248,column,worst
M27,M27_meta_audit_top_worst.csv,csv,abs_error,abs_error,abs_error,16.0,-1.2041199826559248,column,worst
M27,M27_meta_audit_top_worst.csv,csv,abs_error,abs_error,abs_error,16.0,-1.2041199826559248,column,worst
M27,M27_meta_audit_top_worst.csv,csv,abs_error,abs_error,abs_error,16.0,-1.2041199826559248,column,worst
M27,M27_meta_audit_top_worst.csv,csv,abs_error,abs_error,abs_error,16.0,-1.2041199826559248,column,worst
M27,M27_meta_audit_top_worst.csv,csv,abs_error,abs_error,abs_error,16.0,-1.2041199826559248,column,worst
M27,M27_meta_audit_top_worst.csv,csv,abs_error,abs_error,abs_error,15.0,-1.1760912590556813,column,worst
M27,M27_meta_audit_top_worst.csv,csv,abs_error,abs_error,abs_error,15.0,-1.1760912590556813,column,worst
M27,M27_meta_audit_top_worst.csv,csv,abs_error,abs_error,abs_error,15.0,-1.1760912590556813,column,worst
M27,M27_meta_audit_top_worst.csv,csv,abs_error,abs_error,abs_error,15.0,-1.1760912590556813,column,worst
M27,M27_meta_audit_top_worst.csv,csv,abs_error,abs_error,abs_error,15.0,-1.1760912590556813,column,worst
M27,M27_meta_audit_top_worst.csv,csv,abs_error,abs_error,abs_error,14.0,-1.146128035678238,column,worst
UNKNOWN,BH_M2_bestfit_free.csv,csv,abs_error,abs_error,abs_error,0.0,300.0,column,best
UNKNOWN,residue_matrix_core.csv,csv,rel_error,rel_error,rel_error,0.0,300.0,column,best
UNKNOWN,BH_M2_bestfit_free.csv,csv,abs_error,abs_error,abs_error,0.0,300.0,column,best
M13,M13_pathA_discharge_then_spin_part1.csv,csv,Smarr_rel,Smarr_rel,Smarr_rel,0.0,300.0,column,best
M13,M13_pathA_discharge_then_spin_part2.csv,csv,Smarr_rel,Smarr_rel,Smarr_rel,0.0,300.0,column,best
M13,M13_pathB_spin_then_discharge_part1.csv,csv,Smarr_rel,Smarr_rel,Smarr_rel,0.0,300.0,column,best
M14,M14_pathA_irreversible_part1_Jfixed_discharge.csv,csv,Smarr_rel,Smarr_rel,Smarr_rel,0.0,300.0,column,best
M14,M14_pathA_irreversible_part2_Qfixed_spin.csv,csv,Smarr_rel,Smarr_rel,Smarr_rel,0.0,300.0,column,best
M14,M14_pathB_irreversible_part1_Qfixed_spin.csv,csv,Smarr_rel,Smarr_rel,Smarr_rel,0.0,300.0,column,best
M14,M14_pathB_irreversible_part2_Jfixed_discharge.csv,csv,Smarr_rel,Smarr_rel,Smarr_rel,0.0,300.0,column,best
M19,M19_fixed_grid.csv,csv,smarr,smarr,smarr,0.0,300.0,column,best
M19,M19_fixed_grid.csv,csv,smarr,smarr,smarr,0.0,300.0,column,best
M19,M19_fixed_grid.csv,csv,smarr,smarr,smarr,0.0,300.0,column,best
M19,M19_fixed_grid.csv,csv,smarr,smarr,smarr,0.0,300.0,column,best
M19,M19_fixed_grid.csv,csv,smarr,smarr,smarr,0.0,300.0,column,best
M19,M19_fixed_grid.csv,csv,smarr,smarr,smarr,0.0,300.0,column,best
M19,M19_fixed_grid.csv,csv,smarr,smarr,smarr,0.0,300.0,column,best
M19,M19_fixed_grid.csv,csv,smarr,smarr,smarr,0.0,300.0,column,best
M19,M19_fixed_grid.csv,csv,smarr,smarr,smarr,0.0,300.0,column,best
UNKNOWN,PFTC_Planck_Encoding_results.csv,csv,rel_error,rel_error,rel_error,0.0,300.0,column,best
UNKNOWN,PFTC_Planck_Encoding_results.csv,csv,rel_error,rel_error,rel_error,0.0,300.0,column,best
UNKNOWN,residue_matrix_A.csv,csv,abs_error,abs_error,abs_error,0.0,300.0,column,best
UNKNOWN,residue_matrix_A.csv,csv,abs_error,abs_error,abs_error,0.0,300.0,column,best
UNKNOWN,BH_M2_bestfit_free.csv,csv,rel_error,rel_error,rel_error,0.0,300.0,column,best
UNKNOWN,BH_M2_bestfit_free.csv,csv,rel_error,rel_error,rel_error,0.0,300.0,column,best
UNKNOWN,KN_Area_constrained_vs_free.csv,csv,abs_error,abs_error,abs_error,0.0,300.0,column,best
UNKNOWN,KN_Area_constrained_vs_free.csv,csv,abs_error,abs_error,abs_error,0.0,300.0,column,best
UNKNOWN,KN_Area_constrained_vs_free.csv,csv,abs_error,abs_error,abs_error,0.0,300.0,column,best
UNKNOWN,KN_Area_constrained_vs_free.csv,csv,abs_error,abs_error,abs_error,0.0,300.0,column,best
UNKNOWN,KN_Area_constrained_vs_free.csv,csv,abs_error,abs_error,abs_error,0.0,300.0,column,best
UNKNOWN,PFTC_BH_MassLadderTick_encoding.csv,csv,abs_error,abs_error,abs_error,0.0,300.0,column,best
UNKNOWN,PFTC_BH_MassLadderTick_encoding.csv,csv,rel_error,rel_error,rel_error,0.0,300.0,column,best
UNKNOWN,PFTC_Planck_Encoding_results.csv,csv,abs_error,abs_error,abs_error,0.0,300.0,column,best
UNKNOWN,PFTC_Planck_Encoding_results.csv,csv,abs_error,abs_error,abs_error,0.0,300.0,column,best
UNKNOWN,PFTC_Planck_Encoding_results.csv,csv,abs_error,abs_error,abs_error,0.0,300.0,column,best
UNKNOWN,PFTC_Planck_Encoding_results.csv,csv,rel_error,rel_error,rel_error,0.0,300.0,column,best
M27,M27_meta_audit_top_worst.csv,csv,abs_error,abs_error,abs_error,0.0,300.0,column,best
M27,M27_meta_audit_top_worst.csv,csv,abs_error,abs_error,abs_error,0.0,300.0,column,best
M27,M27_meta_audit_top_worst.csv,csv,abs_error,abs_error,abs_error,0.0,300.0,column,best
M27,M27_meta_audit_top_worst.csv,csv,abs_error,abs_error,abs_error,0.0,300.0,column,best
M27,M27_meta_audit_top_worst.csv,csv,abs_error,abs_error,abs_error,0.0,300.0,column,best
M27,M27_meta_audit_top_worst.csv,csv,abs_error,abs_error,abs_error,0.0,300.0,column,best
M27,M27_meta_audit_top_worst.csv,csv,abs_error,abs_error,abs_error,0.0,300.0,column,best
M27,M27_meta_audit_top_worst.csv,csv,abs_error,abs_error,abs_error,0.0,300.0,column,best
M27,M27_meta_audit_top_worst.csv,csv,abs_error,abs_error,abs_error,0.0,300.0,column,best
M27,M27_meta_audit_top_worst.csv,csv,abs_error,abs_error,abs_error,0.0,300.0,column,best
M27,M27_meta_audit_top_worst.csv,csv,abs_error,abs_error,abs_error,0.0,300.0,column,best
M27,M27_meta_audit_top_worst.csv,csv,abs_error,abs_error,abs_error,0.0,300.0,column,best
M27,M27_meta_audit_top_worst.csv,csv,abs_error,abs_error,abs_error,0.0,300.0,column,best
M27,M27_meta_audit_top_worst.csv,csv,abs_error,abs_error,abs_error,0.0,300.0,column,best
