{
  "sources": {
    "M19": "/content/M19_v2_ok_states_detailed.csv",
    "M26": "/content/M26_response_sign_map.csv"
  },
  "counts": {
    "total": 86,
    "mc_stable": 32,
    "gibbs_stable": 0,
    "boundaries": 0,
    "smarr_pass": 86,
    "maxwell_pass": 73
  },
  "residual_ranges": {
    "R1": "0.000e+00..9.267e-79",
    "R2": "0.000e+00..9.142e-79",
    "R3": "0.000e+00..3.128e-78",
    "Smarr": "0.000e+00..1.936e-121"
  },
  "overlay_M26": {
    "rows": 294
  },
  "notes": "Signs: +1/\u22121/0\u2248; Stability: microcanonical=(C_JQ, \u03c7_J, \u03c7_Q > 0), Gibbs=(C_{\u03a9,\u03a6}, \u03ba_J, \u03ba_Q > 0). Boundaries mark sign flips in the 4-neighborhood."
}