{
  "generated_at_utc": "2025-11-05T12:10:46.535510Z",
  "root": "/content",
  "modules": {
    "UNKNOWN": {
      "files": [
        "BH_Area_bestfit_free.csv",
        "BH_Area_constrained_p_abit.csv",
        "BH_Entropy_equals_N_checks.csv",
        "BH_M2_bestfit_free.csv",
        "BH_N_to_k_constrained_p_tick.csv",
        "BH_Smarr_bits_ratio_checks.csv",
        "KN_Area_constrained_vs_free.csv",
        "KN_Smarr_checks.csv",
        "KN_area_lattice_sweep.csv",
        "KN_extremality_smarr_edge_scan.csv",
        "KN_extremality_smarr_scan.csv",
        "KN_firstlaw_edge_path.csv",
        "KN_firstlaw_path_checks.csv",
        "Kerr_Area_constrained_vs_free.csv",
        "Kerr_Smarr_checks.csv",
        "PFTC_BH_MassLadderTick_encoding.csv",
        "PFTC_Planck_Encoding_results.csv",
        "residue_matrix_A.csv",
        "residue_matrix_M2.csv",
        "residue_matrix_core.csv"
      ],
      "file_count": 20,
      "numeric_values": 3907,
      "ledger_score": 85.58836615722834,
      "q_median": 199.8707643178019,
      "smarr_pass": 662,
      "smarr_total": 662,
      "maxwell_pass": 0,
      "maxwell_total": 0
    },
    "M10": {
      "files": [
        "M10_Christodoulou_identity_checks.csv",
        "M10_Mir2_lattice_constrained_vs_free.csv",
        "M10_energy_partition_summary.csv"
      ],
      "file_count": 3,
      "numeric_values": 42,
      "ledger_score": 100.0,
      "q_median": 171.82658070707697,
      "smarr_pass": 0,
      "smarr_total": 0,
      "maxwell_pass": 0,
      "maxwell_total": 0
    },
    "M11": {
      "files": [
        "M11_extractable_grid.csv",
        "M11_lattice_checks.csv",
        "M11_top10_extractable.csv"
      ],
      "file_count": 3,
      "numeric_values": 4511,
      "ledger_score": 100.0,
      "q_median": 300.0,
      "smarr_pass": 0,
      "smarr_total": 0,
      "maxwell_pass": 0,
      "maxwell_total": 0
    },
    "M12": {
      "files": [
        "M12_reversible_discharge_Jfixed.csv",
        "M12_reversible_spin_Qfixed.csv"
      ],
      "file_count": 2,
      "numeric_values": 3420,
      "ledger_score": 100.0,
      "q_median": 81.28457753740692,
      "smarr_pass": 342,
      "smarr_total": 342,
      "maxwell_pass": 0,
      "maxwell_total": 0
    },
    "M13": {
      "files": [
        "M13_pathA_discharge_then_spin_part1.csv",
        "M13_pathA_discharge_then_spin_part2.csv",
        "M13_pathB_spin_then_discharge_part1.csv",
        "M13_pathB_spin_then_discharge_part2.csv"
      ],
      "file_count": 4,
      "numeric_values": 6970,
      "ledger_score": 100.0,
      "q_median": 81.31006447062694,
      "smarr_pass": 697,
      "smarr_total": 697,
      "maxwell_pass": 0,
      "maxwell_total": 0
    },
    "M14": {
      "files": [
        "M14_pathA_irreversible_part1_Jfixed_discharge.csv",
        "M14_pathA_irreversible_part2_Qfixed_spin.csv",
        "M14_pathB_irreversible_part1_Qfixed_spin.csv",
        "M14_pathB_irreversible_part2_Jfixed_discharge.csv"
      ],
      "file_count": 4,
      "numeric_values": 7623,
      "ledger_score": 100.0,
      "q_median": 81.29344128178974,
      "smarr_pass": 693,
      "smarr_total": 693,
      "maxwell_pass": 0,
      "maxwell_total": 0
    },
    "M19": {
      "files": [
        "M19_fixed_grid.csv",
        "M19_v2_ensemble_stability_grid.csv",
        "M19_v2_fail_states.csv",
        "M19_v2_ok_states_detailed.csv"
      ],
      "file_count": 4,
      "numeric_values": 5068,
      "ledger_score": 61.68674698795181,
      "q_median": 121.01405825692044,
      "smarr_pass": 243,
      "smarr_total": 243,
      "maxwell_pass": 0,
      "maxwell_total": 0
    },
    "M20": {
      "files": [
        "M20_extremal_scaling_fits.csv",
        "M20_extremal_scaling_scan.csv"
      ],
      "file_count": 2,
      "numeric_values": 481,
      "ledger_score": 100.0,
      "q_median": 300.0,
      "smarr_pass": 42,
      "smarr_total": 42,
      "maxwell_pass": 0,
      "maxwell_total": 0
    },
    "M21": {
      "files": [
        "M21_susceptibility_scaling_fits.csv",
        "M21_susceptibility_scaling_scan.csv"
      ],
      "file_count": 2,
      "numeric_values": 717,
      "ledger_score": 100.0,
      "q_median": 300.0,
      "smarr_pass": 54,
      "smarr_total": 54,
      "maxwell_pass": 0,
      "maxwell_total": 0
    },
    "M22": {
      "files": [
        "M22_v3_firstlaw_pathA.csv",
        "M22_v3_firstlaw_pathB.csv",
        "M22_v3_hessian_checks.csv"
      ],
      "file_count": 3,
      "numeric_values": 107,
      "ledger_score": 100.0,
      "q_median": 210.35651413062823,
      "smarr_pass": 8,
      "smarr_total": 8,
      "maxwell_pass": 0,
      "maxwell_total": 0
    },
    "M25": {
      "files": [
        "M25_fixed_scan.csv",
        "M25_ruppeiner_curvature_scan.csv"
      ],
      "file_count": 2,
      "numeric_values": 603,
      "ledger_score": 89.20023522390342,
      "q_median": 300.0,
      "smarr_pass": 63,
      "smarr_total": 63,
      "maxwell_pass": 0,
      "maxwell_total": 27
    },
    "M26": {
      "files": [
        "M26_response_sign_map.csv"
      ],
      "file_count": 1,
      "numeric_values": 4704,
      "ledger_score": 87.81386741775204,
      "q_median": 91.83200462768392,
      "smarr_pass": 294,
      "smarr_total": 294,
      "maxwell_pass": 0,
      "maxwell_total": 294
    },
    "M27": {
      "files": [
        "M27_meta_audit_ledger.csv",
        "M27_meta_audit_modules.csv",
        "M27_meta_audit_summary.json",
        "M27_meta_audit_top_worst.csv"
      ],
      "file_count": 4,
      "numeric_values": 504,
      "ledger_score": 50.495049504950494,
      "q_median": 300.0,
      "smarr_pass": 0,
      "smarr_total": 0,
      "maxwell_pass": 0,
      "maxwell_total": 0
    },
    "M28": {
      "files": [
        "M28_anomalies_top.csv",
        "M28_meta_summary.json",
        "M28_module_integrity.csv",
        "M28_unified_records.csv"
      ],
      "file_count": 4,
      "numeric_values": 8845,
      "ledger_score": null,
      "q_median": null,
      "smarr_pass": 0,
      "smarr_total": 0,
      "maxwell_pass": 0,
      "maxwell_total": 0
    },
    "M29": {
      "files": [
        "M29_phase_boundaries.csv",
        "M29_phase_portrait_grid.csv",
        "M29_phase_summary.json"
      ],
      "file_count": 3,
      "numeric_values": 1892,
      "ledger_score": null,
      "q_median": null,
      "smarr_pass": 86,
      "smarr_total": 86,
      "maxwell_pass": 0,
      "maxwell_total": 0
    }
  },
  "unified_ledger_score": 89.18226513574324,
  "summary_files": {
    "ascii_summary": "/content/M30_release_summary.txt",
    "manifest": "/content/M30_MANIFEST.json",
    "zip": "/content/M30_release_pack.zip"
  }
}